Metric,Score
Accuracy,0.8471074380165289
Precision,0.8774487030584592
Recall,0.8414634146341465
F1 Score,0.8377611548343256
